Target,EntrezID,UniProt,PubTatorRelevantDocuments,PubTatorRelations,PubMedLocalDocuments,ExternalDatabaseDocuments,CombinedLocalDocuments,ExternalDatabases,DISEASE_COVID,DISEASE_LONG_COVID,DISEASE_RESPIRATORY_OTHER,MECH_COAGULATION,MECH_THROMBOSIS,MECH_IMMUNOTHROMBOSIS,MECH_FIBRINOLYSIS,MECH_ENDOTHELIAL,MECH_NETOSIS,MECH_COMPLEMENT,DOCKING_All,DOCKING_External,MD_All,MD_External,FREE_ENERGY_All,FREE_ENERGY_External
IL6,3569,P05231,780,1096,1881,265,2146,Scopus,1075,88,415,705,496,86,90,415,172,120,44,5,12,1,1,1
ACE2,59272,Q9BYF1,633,944,815,257,1072,Scopus,1055,78,214,390,447,26,35,257,35,48,14,1,7,1,3,1
CRP,1401,P02741,878,791,1537,370,1907,Scopus,1255,90,261,852,694,47,104,226,48,44,5,0,2,0,0,0
FGB,2244,P02675,695,594,1717,209,1926,Scopus,917,60,188,1360,945,59,360,156,44,26,12,0,6,0,0,0
PF4,5196,P02776,317,557,455,50,505,Scopus,360,17,12,174,431,36,16,22,37,5,2,0,1,0,0,0
VWF,7450,P04275,339,545,4943,47,4990,Scopus,426,38,101,1859,1762,107,226,584,129,74,33,0,43,0,0,0
TNF,7124,P01375,308,435,1388,139,1527,Scopus,448,48,281,393,299,50,74,296,164,76,42,3,13,0,0,0
F2,2147,P00734,321,374,2494,184,2678,Scopus,843,50,207,1933,1425,100,521,226,98,66,16,0,11,0,1,0
F3,2152,P13726,141,312,2259,12,2271,Scopus,211,14,102,1424,1107,120,254,175,122,51,12,0,11,0,0,0
SERPINE1,5054,P05121,155,277,3494,37,3531,Scopus,207,15,185,691,620,30,648,206,42,20,110,1,30,0,1,0
ADAMTS13,11093,Q76LX8,153,267,754,20,774,Scopus,184,8,14,333,564,43,46,100,29,31,2,0,7,0,0,0
IL1B,3553,P01584,173,242,89,4,93,Scopus,19,0,9,15,16,1,3,8,3,5,11,1,2,1,1,1
REN,5972,P00797,224,212,326,102,428,Scopus,354,33,64,152,154,22,28,131,18,24,1,0,1,0,0,0
CXCL8,3576,P10145,171,186,528,38,566,Scopus,188,16,104,137,82,30,22,106,92,32,7,0,0,0,0,0
IL10,3586,P22301,116,184,341,40,381,Scopus,162,19,52,125,60,15,11,70,31,19,9,1,1,1,1,1
AGT,183,P01019,92,181,217,40,257,Scopus,156,11,44,87,81,11,14,63,13,12,3,0,2,0,0,0
SELP,6403,P16109,151,166,512,9,521,Scopus,155,13,31,259,286,51,36,126,49,11,2,0,0,0,0,0
C5AR1,728,P21730,89,165,653,11,664,Scopus,122,7,50,53,47,16,9,20,42,287,18,0,9,0,0,0
NFKB1,4790,P19838,92,153,43,2,45,Scopus,9,0,10,16,8,0,1,4,3,2,9,0,0,0,0,0
THBD,7056,P07204,117,133,1288,12,1300,Scopus,108,8,75,630,457,31,164,252,41,36,4,0,3,0,0,0
ANGPT2,285,O15123,85,130,230,7,237,Scopus,63,4,54,69,47,15,9,138,8,11,0,0,0,0,0,0
MPO,4353,P05164,139,123,546,23,569,Scopus,129,11,142,85,97,34,14,38,397,16,13,3,3,0,0,0
SERPINC1,462,P01008,112,122,711,30,741,Scopus,161,5,57,600,413,28,184,77,22,13,5,0,2,0,0,0
ICAM1,3383,P05362,94,119,460,15,475,Scopus,107,18,56,107,87,18,18,230,18,20,9,0,1,0,0,0
NLRP3,114548,Q96P20,71,116,238,16,254,Scopus,70,7,72,47,44,17,2,47,77,15,7,0,1,0,0,0
VEGFA,7422,P15692,83,114,724,37,761,Scopus,136,15,68,104,110,13,17,149,16,8,20,2,2,1,1,1
CXCL10,3627,P02778,63,106,140,9,149,Scopus,77,8,17,34,25,4,2,27,10,13,1,1,0,0,0,0
IL1A,3552,P01583,58,105,881,84,965,Scopus,300,26,187,241,179,46,36,157,150,51,18,2,5,0,0,0
IFNG,3458,P01579,90,103,75,13,88,Scopus,36,2,12,25,21,2,4,17,2,7,2,0,0,0,0,0
PLG,5340,P00747,81,103,2446,57,2503,Scopus,317,19,173,877,797,30,823,184,50,31,14,1,5,0,0,0
TMPRSS2,7113,O15393,105,100,128,34,162,Scopus,158,8,22,66,55,6,8,28,5,12,6,0,1,0,1,0
PLAT,5327,P00750,101,95,798,34,832,Scopus,155,10,40,410,360,13,411,76,16,10,4,0,0,0,0,0
ALB,213,P02768,110,94,441,62,503,Scopus,206,7,73,208,126,3,20,49,20,9,13,2,2,0,0,0
CCL2,6347,P13500,69,86,418,20,438,Scopus,95,7,44,84,57,7,9,82,13,21,14,2,4,1,1,1
F10,2159,P00742,62,85,349,9,358,Scopus,84,5,10,259,242,10,29,18,9,9,1,0,4,0,0,0
VCAM1,7412,P19320,75,83,367,11,378,Scopus,73,16,42,83,75,15,15,205,13,16,2,0,0,0,0,0
AKT1,207,P31749,41,82,367,6,373,Scopus,31,3,53,58,62,6,8,37,35,15,29,2,6,0,0,0
VTN,7448,P04004,37,77,123,26,149,Scopus,106,10,33,52,52,4,17,21,5,15,5,0,4,0,1,0
ELANE,1991,P08246,62,76,233,10,243,Scopus,66,7,71,32,40,18,9,18,193,4,3,0,2,0,0,0
SDC1,6382,P18827,48,75,202,5,207,Scopus,41,4,30,54,26,5,9,120,12,5,0,0,0,0,0,0
KNG1,3827,P01042,43,74,95,6,101,Scopus,61,5,18,61,32,8,14,18,8,7,3,0,1,0,0,0
FCGR2A,2212,P12318,39,73,17,1,18,Scopus,6,0,1,5,7,1,1,0,3,4,0,0,0,0,0,0
C3,718,P01024,78,72,268,17,285,Scopus,115,10,40,49,46,14,12,14,14,166,0,0,2,0,0,0
IL17A,3605,Q16552,65,70,196,24,220,Scopus,83,7,50,52,31,6,18,22,42,16,15,0,2,0,1,0
TGFB1,7040,P01137,43,70,128,0,128,,5,1,8,17,12,1,2,8,2,3,2,0,0,0,0,0
ABO,28,P16442,30,70,156,19,175,Scopus,62,3,11,77,95,1,3,8,0,3,0,0,0,0,0,0
F8,2157,P00451,54,68,1057,23,1080,Scopus,172,14,19,755,515,12,93,73,12,9,3,0,6,1,0,0
TFPI,7035,P10646,39,67,499,3,502,Scopus,38,2,21,322,222,9,68,26,9,4,1,0,2,0,0,0
TLR4,7099,O00206,42,64,216,9,225,Scopus,46,4,48,53,42,6,7,32,54,10,9,0,1,0,0,0
SYK,6850,P43405,22,62,63,0,63,,27,2,8,17,23,7,0,2,22,2,2,0,0,0,0,0
PADI4,23569,Q9UM07,41,60,1146,9,1155,Scopus,55,2,85,58,109,32,8,21,608,5,34,0,15,0,1,0
NFE2L2,4780,Q16236,29,60,115,5,120,Scopus,31,3,27,18,21,3,3,27,10,3,5,0,0,0,0,0
STAT3,6774,P40763,29,58,157,7,164,Scopus,33,1,33,23,25,1,2,19,19,5,16,1,1,0,0,0
CD4,920,P01730,76,57,250,47,297,Scopus,131,8,37,71,38,4,3,21,20,14,7,0,1,0,1,0
F12,2161,P00748,35,56,114,7,121,Scopus,40,1,15,104,68,12,22,8,9,9,0,0,1,0,0,0
CD8A,925,P01732,79,54,301,42,343,Scopus,130,10,27,66,47,5,5,21,40,18,2,0,0,0,0,0
ESM1,11082,Q9NQ30,21,54,49,2,51,Scopus,19,1,8,8,6,0,1,35,0,1,0,0,0,0,0,0
F5,2153,P12259,47,53,213,10,223,Scopus,45,3,6,131,147,3,28,3,1,1,1,0,0,0,0,0
SLC17A5,26503,Q9NRA2,47,52,196,62,258,Scopus,160,7,32,117,55,1,10,16,5,0,2,0,0,0,0,0
EDN1,1906,P05305,41,52,247,15,262,Scopus,46,12,20,38,51,1,11,123,7,2,4,0,2,0,0,0
SERPINA1,5265,P01009,19,52,56,3,59,Scopus,19,0,11,22,17,1,5,2,6,4,0,0,0,0,0,0
KLK4,9622,Q9Y5K2,55,51,96,8,104,Scopus,70,7,14,71,41,11,17,11,8,17,0,0,1,0,0,0
IFNA1,3439,P0DY56,38,51,629,117,746,Scopus,411,24,100,195,145,40,16,89,93,79,1,0,0,0,0,0
IL18,3606,Q14116,34,50,125,15,140,Scopus,54,6,18,30,20,5,2,29,15,10,0,0,0,0,0,0
ANGPT1,284,Q15389,31,50,111,8,119,Scopus,41,4,13,26,24,4,2,53,1,0,0,0,1,0,0,0
HIF1A,3091,Q16665,33,48,201,7,208,Scopus,35,6,33,35,25,3,4,29,14,4,17,0,3,0,1,0
STING1,340061,Q86WV6,11,48,59,6,65,Scopus,11,0,12,9,9,3,0,7,30,3,1,0,1,0,0,0
AGER,177,Q15109,20,47,121,4,125,Scopus,29,2,35,23,15,4,3,38,12,4,7,0,1,0,1,0
PIK3CB,5291,P42338,13,47,261,3,264,Scopus,26,1,39,41,42,5,6,23,33,9,22,1,6,0,0,0
MBL2,4153,P11226,28,46,87,7,94,Scopus,59,7,17,18,17,2,2,7,2,63,1,0,0,0,0,0
NOS3,4846,P29474,26,46,237,11,248,Scopus,41,6,20,42,49,2,11,108,2,3,9,0,1,0,0,0
SERPING1,710,P05155,26,46,77,4,81,Scopus,50,9,8,31,17,4,10,3,0,34,1,0,1,0,0,0
ADAM17,6868,P78536,15,46,24,3,27,Scopus,19,0,4,9,5,1,0,6,1,0,1,0,0,0,0,0
MTHFR,4524,P42898,17,45,127,9,136,Scopus,29,5,1,35,80,3,12,8,0,0,0,0,0,0,0,0
JAK2,3717,O60674,14,45,65,7,72,Scopus,17,0,14,19,31,3,3,13,9,2,2,0,0,0,0,0
MAPK1,5594,P28482,19,44,263,4,267,Scopus,23,2,50,33,46,4,6,30,70,10,15,2,4,0,0,0
SELE,6401,P16581,46,42,223,5,228,Scopus,46,7,18,54,57,6,13,113,4,4,2,0,1,0,0,0
AP2B1,163,P63010,35,42,274,76,350,Scopus,272,22,64,122,126,5,21,77,6,9,8,1,1,0,0,0
CASP1,834,P29466,20,42,88,4,92,Scopus,19,2,24,22,22,1,0,18,19,3,3,0,0,0,0,0
CYBB,1536,P04839,17,42,69,1,70,Scopus,15,1,18,9,11,3,0,13,27,0,4,0,0,0,0,0
GPT,2875,P24298,33,41,194,51,245,Scopus,135,9,25,104,57,1,11,20,5,0,1,0,0,0,0,0
CALCA,796,P01258|P06881,20,41,116,36,152,Scopus,90,4,28,91,30,0,9,22,1,0,0,0,0,0,0,0
PROC,5624,P04070,54,40,540,17,557,Scopus,93,5,27,399,318,16,125,50,21,13,3,0,1,0,0,0
S100A8,6279,P05109,17,40,70,6,76,Scopus,30,2,13,18,11,1,1,3,28,2,2,0,0,0,0,0
C1QA,712,P02745,36,39,151,7,158,Scopus,55,9,10,31,13,1,0,10,7,73,0,0,0,0,0,0
ACE,1636,P12821,28,39,645,197,842,Scopus,746,52,154,291,325,14,33,200,18,24,14,1,2,0,1,0
AGTR1,185,P30556,18,39,60,11,71,Scopus,40,3,9,20,22,1,6,14,4,5,0,0,0,0,0,0
CCL5,6352,P13501,18,39,89,3,92,Scopus,28,0,11,14,17,4,3,3,8,11,1,0,1,0,0,0
HMGB1,3146,P09429,23,37,153,4,157,Scopus,25,2,24,48,37,8,10,22,42,4,6,1,1,0,0,0
BTK,695,Q06187,11,37,28,6,34,Scopus,17,1,2,12,12,4,0,1,3,1,2,0,1,0,1,0
MASP2,10747,O00187,28,36,42,1,43,Scopus,31,2,15,9,8,1,1,6,0,32,1,0,0,0,0,0
NRP1,8829,O14786,14,36,37,5,42,Scopus,23,2,3,6,7,0,0,7,2,1,0,0,0,0,0,0
CSF2,1437,P04141,23,35,68,5,73,Scopus,33,0,23,15,8,2,3,8,10,8,1,0,0,0,0,0
MB,4151,P02144,20,34,50,9,59,Scopus,38,3,8,21,19,0,2,8,1,1,0,0,0,0,0,0
JAK1,3716,P23458,16,34,32,8,40,Scopus,25,0,4,5,12,4,0,6,8,4,1,0,0,0,0,0
CD79A,973,P11912,44,33,246,37,283,Scopus,179,19,18,49,75,6,1,12,22,24,0,0,0,0,0,0
CSF3,1440,P09919,15,33,60,2,62,Scopus,17,1,7,13,13,2,3,6,15,3,0,0,0,0,0,0
CDH5,1003,P33151,36,32,204,2,206,Scopus,23,3,53,33,28,2,5,72,6,3,3,0,1,0,0,0
CD274,29126,Q9NZQ7,11,32,104,5,109,Scopus,14,0,4,17,20,2,4,5,9,8,0,0,0,0,0,0
CX3CL1,6376,P78423,10,32,21,2,23,Scopus,10,2,3,3,8,0,1,6,1,2,1,0,0,0,0,0
DPP4,1803,P27487,20,31,51,8,59,Scopus,35,6,5,9,16,0,1,15,0,2,3,1,2,1,1,1
DNASE1,1773,P24855,16,31,156,6,162,Scopus,29,0,42,18,24,7,4,6,141,0,0,0,1,0,0,0
IL33,90865,O95760,17,30,52,2,54,Scopus,10,1,19,9,4,0,2,6,15,5,0,0,0,0,0,0
LGALS3,3958,P17931,13,30,63,4,67,Scopus,16,2,11,13,10,1,2,11,2,2,2,0,0,0,0,0
CXCL1,2919,P09341,10,30,99,2,101,Scopus,11,1,13,10,6,2,3,10,17,7,3,1,0,0,0,0
CAMP,820,P49913,10,30,75,2,77,Scopus,20,2,13,12,14,6,0,6,17,5,2,0,0,0,0,0
APOH,350,P02749,39,29,16,0,16,,6,1,0,8,5,0,0,0,0,2,0,0,0,0,0,0
IL1RN,3557,P18510,27,29,67,5,72,Scopus,35,4,5,22,16,4,3,17,7,1,0,0,0,0,0,0
CMPK1,51727,P30085,23,29,97,12,109,Scopus,74,0,17,60,26,1,2,4,5,4,2,0,0,0,0,0
MMP9,4318,P14780,20,29,290,7,297,Scopus,26,3,30,33,24,4,16,26,32,5,18,1,5,0,0,0
CXCL9,4283,Q07325,11,29,43,2,45,Scopus,16,1,3,8,8,1,1,7,2,3,1,0,0,0,0,0
CD55,1604,P08174,10,29,47,3,50,Scopus,12,0,6,3,11,0,1,4,1,29,0,0,0,0,0,0
AHR,196,P35869,10,29,109,18,127,Scopus,62,13,22,22,62,3,2,12,4,2,0,0,0,0,0,0
IL4,3565,P05112,32,28,106,13,119,Scopus,39,6,24,25,12,6,5,19,10,9,0,0,0,0,0,0
POMC,5443,P01189,11,28,28,4,32,Scopus,14,5,3,11,14,0,1,2,1,2,0,0,0,0,0,0
PLAU,5328,P00749,15,27,300,7,307,Scopus,37,2,29,81,60,5,109,18,2,5,7,0,3,0,0,0
PTX3,5806,P26022,15,27,54,6,60,Scopus,22,3,7,7,5,2,1,9,2,13,0,0,0,0,0,0
APC,324,P25054,11,27,247,6,253,Scopus,36,1,19,164,135,7,35,17,13,6,2,0,1,0,0,0
F2R,2149,P25116,10,26,103,1,104,Scopus,12,2,11,65,34,4,5,7,3,2,1,0,0,0,0,0
GSDMD,79792,P57764,10,26,77,4,81,Scopus,11,0,26,15,10,2,1,13,33,4,2,0,1,0,0,0
CFH,3075,P08603,27,25,116,1,117,Scopus,36,3,11,18,34,1,3,3,3,62,0,0,0,0,0,0
F13A1,2162,P00488,22,24,150,5,155,Scopus,28,3,4,114,67,1,44,4,4,0,0,0,0,0,0,0
STAT1,6772,P42224,17,24,47,3,50,Scopus,20,2,7,12,4,1,0,10,2,4,5,0,0,0,0,0
A2M,2,P01023,16,24,22,3,25,Scopus,7,1,2,10,4,1,2,2,1,3,1,0,0,0,0,0
INS,3630,P01308,28,23,454,54,508,Scopus,129,19,23,82,85,9,32,91,12,6,3,0,0,0,0,0
F7,2155,P08709,24,23,206,3,209,Scopus,32,0,8,187,112,3,36,11,0,2,3,0,3,0,0,0
IL2,3558,P60568,23,23,89,8,97,Scopus,46,1,11,29,13,6,2,14,4,4,1,0,0,0,0,0
IL12B,3593,P29460,10,23,53,7,60,Scopus,15,2,7,10,10,1,1,8,7,11,0,0,0,0,0,0
PROS1,5627,P07225,10,23,255,15,270,Scopus,89,4,12,200,186,7,49,13,1,7,1,0,0,0,0,0
GP1BA,2811,P07359,19,22,278,6,284,Scopus,30,2,5,149,150,8,8,6,8,0,2,0,16,0,0,0
BSG,682,P35613,17,22,33,7,40,Scopus,32,3,0,13,15,1,1,8,2,0,1,0,0,0,0,0
FCGR3A,2214,P08637,14,22,54,6,60,Scopus,26,2,3,11,10,4,1,3,6,4,0,0,0,0,0,0
HMOX1,3162,P09601,13,22,105,5,110,Scopus,17,1,14,12,19,1,1,11,4,2,4,1,2,1,1,1
TLR9,54106,Q9NR96,12,22,35,1,36,Scopus,10,0,8,7,9,4,1,6,17,0,1,0,0,0,0,0
UROD,7389,P06132,10,22,102,32,134,Scopus,82,3,27,86,28,0,9,18,1,0,0,0,0,0,0,0
CD14,929,P08571,17,21,107,9,116,Scopus,27,0,10,29,20,5,4,11,4,9,1,0,0,0,0,0
THBS1,7057,P07996,15,21,128,1,129,Scopus,15,2,8,25,21,5,2,7,7,6,3,0,2,0,0,0
PRRT2,112476,Q7Z6L0,11,21,61,3,64,Scopus,14,1,10,11,18,1,2,9,17,2,1,0,0,0,0,0
FURIN,5045,P09958,25,20,38,8,46,Scopus,40,2,9,17,16,0,4,2,1,0,0,0,0,0,0,0
RELA,5970,Q04206,19,20,113,4,117,Scopus,14,1,36,23,26,0,12,19,17,4,2,0,0,0,0,0
MAPK14,1432,Q16539,18,20,141,2,143,Scopus,15,1,32,15,24,2,5,17,42,6,7,1,2,0,0,0
IL6R,3570,P08887,18,20,35,9,44,Scopus,28,0,7,12,14,2,2,6,3,2,1,0,0,0,0,0
LCN2,3934,P80188,13,20,77,4,81,Scopus,17,2,10,11,11,0,0,16,10,3,0,0,0,0,0,0
TP53,7157,P04637,11,20,202,4,206,Scopus,11,1,25,14,17,0,10,15,3,1,11,0,2,0,0,0
SELPLG,6404,Q14242,10,20,34,1,35,Scopus,9,2,5,18,19,8,1,7,6,0,0,0,0,0,0,0
IL13,3596,P35225,14,19,59,4,63,Scopus,13,2,14,9,4,2,2,7,4,6,0,0,0,0,0,0
EPO,2056,P01588,12,19,38,7,45,Scopus,19,2,11,10,14,1,0,3,2,1,0,0,0,0,0,0
SOD1,6647,P00441,12,19,149,4,153,Scopus,21,5,19,21,25,0,5,30,10,1,2,0,1,0,0,0
ANXA5,308,P08758,11,19,83,2,85,Scopus,15,0,4,33,30,5,7,12,5,2,3,0,0,0,0,0
TEK,7010,Q02763,11,19,68,4,72,Scopus,14,1,8,14,13,6,1,23,2,1,1,0,0,0,0,0
ITGA2B,3674,P08514,23,18,107,4,111,Scopus,36,3,4,50,52,6,6,5,5,4,2,0,3,0,0,0
PLAUR,5329,Q03405,18,18,155,5,160,Scopus,29,3,18,41,20,5,45,9,1,4,1,0,0,0,0,0
MASP1,5648,P48740,12,18,45,0,45,,27,4,12,9,11,0,1,5,0,31,0,0,0,0,0,0
TLR7,51284,Q9NYK1,15,17,45,6,51,Scopus,24,4,5,6,8,1,1,6,10,5,0,0,0,0,0,0
SPP1,6696,P10451,11,17,111,0,111,,7,0,7,13,6,0,3,4,4,2,5,0,5,0,0,0
MUC1,4582,P15941,10,17,28,3,31,Scopus,13,3,10,9,6,0,1,3,1,3,0,0,0,0,0,0
ITGAM,3684,P11215,21,16,96,5,101,Scopus,20,0,18,20,14,3,3,7,32,11,1,0,0,0,0,0
IL5,3567,P05113,14,16,44,4,48,Scopus,12,1,19,4,6,0,0,6,7,7,0,0,0,0,0,0
CCL3,6348,P10147,14,16,31,4,35,Scopus,11,0,2,7,9,0,1,1,5,3,2,0,1,0,0,0
PECAM1,5175,P16284,23,15,376,7,383,Scopus,32,8,18,32,46,1,8,59,4,5,5,0,1,0,0,0
APOL1,8542,O14791,10,15,15,6,21,Scopus,17,2,1,2,5,0,0,3,0,1,0,0,0,0,0,0
HP,3240,P00738,23,14,54,6,60,Scopus,28,5,7,23,23,1,3,9,3,6,0,0,0,0,0,0
TLR2,7097,O60603,20,14,93,3,96,Scopus,25,3,14,21,17,7,1,13,24,5,2,0,1,0,0,0
FLT1,2321,P17948,13,14,59,2,61,Scopus,13,1,2,14,5,2,4,21,1,0,1,0,1,0,0,0
IL2RA,3559,P01589,13,14,35,6,41,Scopus,21,2,5,15,8,1,0,2,0,0,0,0,0,0,0,0
KDR,3791,P35968,11,14,144,1,145,Scopus,13,2,7,14,13,3,4,27,0,1,7,0,2,0,0,0
CD40LG,959,P29965,18,13,71,4,75,Scopus,20,0,4,29,29,9,9,11,5,2,0,0,0,0,0,0
PROCR,10544,Q9UNN8,14,13,91,2,93,Scopus,17,0,5,59,55,9,20,15,6,6,1,0,0,0,0,0
CPB2,1361,Q96IY4,14,13,137,2,139,Scopus,16,1,3,91,88,5,124,8,7,3,1,0,0,0,0,0
FCGR1A,2209,P12314,13,13,30,0,30,,9,0,5,4,4,0,0,3,9,5,0,0,0,0,0,0
CLEC1B,51266,Q9P126,13,13,26,1,27,Scopus,13,1,3,17,21,6,3,1,8,0,1,0,0,0,0,0
SFTPD,6441,P35247,16,12,50,4,54,Scopus,16,2,26,16,5,0,1,14,4,0,0,0,0,0,0,0
C4B,721,P0C0L5,13,12,40,1,41,Scopus,16,3,7,9,6,1,1,3,0,25,0,0,0,0,0,0
IL7,3574,P13232,12,12,22,2,24,Scopus,15,2,4,7,5,1,3,7,1,4,0,0,0,0,0,0
TLR3,7098,O15455,11,12,37,3,40,Scopus,13,2,5,11,9,2,0,2,6,3,0,0,0,0,0,0
FN1,2335,P02751,11,11,249,3,252,Scopus,12,2,24,52,24,1,10,5,11,3,5,0,2,0,0,0
APOE,348,P02649,10,11,98,3,101,Scopus,13,3,3,27,18,0,4,4,8,3,3,0,1,0,0,0
ITGB3,3690,P05106,16,10,78,12,90,Scopus,34,2,6,36,36,4,6,3,2,4,2,0,1,0,0,0
IFNB1,3456,P01574,13,10,10,0,10,,4,0,2,3,2,2,0,0,1,0,2,0,0,0,0,0
OTOR,56914,Q9NRC9,13,10,85,5,90,Scopus,44,0,13,74,42,0,25,2,2,0,0,0,0,0,0,0
SERPINF2,5345,P08697,28,9,45,1,46,Scopus,11,2,0,33,20,0,25,3,1,4,1,0,0,0,0,0
TNNI3,7137,P19429,14,9,55,7,62,Scopus,30,0,11,28,19,0,3,8,1,0,0,0,0,0,0,0
CASP3,836,P42574,14,9,135,1,136,Scopus,17,0,11,18,20,1,3,20,8,7,5,1,1,0,0,0
MTOR,2475,P42345,13,7,122,7,129,Scopus,17,1,26,24,18,2,4,16,22,6,4,0,1,0,0,0
NPPB,4879,P16860,13,7,186,28,214,Scopus,79,5,29,63,72,2,6,26,4,1,2,0,0,0,0,0
F9,2158,P00740,12,7,79,2,81,Scopus,17,3,2,65,33,5,7,3,0,1,2,0,0,0,0,0
CTSL,1514,P07711,11,7,21,6,27,Scopus,21,2,4,9,3,1,0,3,2,3,1,0,1,0,0,0
ERVK-13,100861467,,10,7,18,2,20,Scopus,12,0,4,2,6,1,1,0,0,13,0,0,0,0,0,0
DUSP2,1844,Q05923,10,7,32,0,32,,12,1,1,14,18,2,0,2,2,2,1,0,0,0,0,0
PRTN3,5657,P24158,10,7,30,3,33,Scopus,14,0,4,3,7,0,0,1,15,1,1,0,0,0,0,0
PTPRC,5788,P08575,17,6,83,12,95,Scopus,29,5,7,22,21,0,3,7,9,2,0,0,0,0,0,0
CD68,968,P34810,20,5,89,16,105,Scopus,43,8,7,10,31,1,2,6,4,4,0,0,1,0,0,0
IGHE,3497,P01854,17,5,61,11,72,Scopus,25,1,28,10,6,0,1,8,9,16,0,0,0,0,0,0
MBL3P,50639,,13,5,48,4,52,Scopus,40,5,12,10,10,2,1,5,1,42,1,0,0,0,0,0
CD163,9332,Q86VB7,11,5,59,4,63,Scopus,17,1,4,13,5,1,1,8,4,5,0,0,0,0,0,0
KRT20,54474,P35900,12,4,42,16,58,Scopus,29,3,5,6,21,1,1,4,1,5,0,0,0,0,0,0
HLA-C,3107,P10321,10,1,64,6,70,Scopus,23,2,14,11,8,2,1,6,8,12,0,0,0,0,0,0
